Feature_1,Feature_2,Feature_3,Feature_4,Feature_5,Feature_6,Feature_7,Feature_8,Feature_9,Feature_10,class
0.978859153,0.036776211,0.055423959,0.390398285,0.892116092,0.977981714,0.557070507,0.082282945,0.777589204,0.027451851,0
0.037557927,0.956269053,0.980254001,0.080677568,0.132560816,0.073502213,0.940593347,0.086951014,0.127948975,0.391418933,1
0.95022105,0.008627594,0.053464808,0.440023567,0.927036365,0.947655506,0.589726312,0.077555361,0.900014136,0.026370738,0
0.031255224,0.962179637,0.93488844,0.034567002,0.175247314,0.07562237,0.945546173,0.09107373,0.148537908,0.365395838,1
0.570595898,0.941579709,0.772625612,0.926759035,0.116228331,0.060256717,0.100462734,0.972660051,0.892283154,0.951324963,1
0.955025957,0.050635097,0.053117124,0.412634495,0.897326251,0.960548325,0.54092816,0.033521742,0.81418039,0.060148638,0
0.957710941,0,0.036296287,0.364851106,0.930026997,0.950421263,0.603810996,0.024110828,0.849047888,0.051412942,0
0.951319394,0.008152984,0.05848839,0.368145972,0.904158064,0.933693978,0.517817598,0.036511225,0.815528707,0.070646424,0
0.940904695,0.021205824,0.049606764,0.398400893,0.997786884,0.9362477,0.615806744,0.093815345,0.812415772,0.046516743,0
0.924557726,0.037714578,0.015934687,0.383060087,0.964563136,0.961045158,0.641984365,0.095095219,0.817977525,0.044091087,0
0.958159506,0.018355981,0.016712063,0.326432236,0.960894702,0.960124153,0.569851423,0.104050942,0.875340051,0.066000363,0
0.590318186,0.948328153,0.802655578,0.923331605,0.090617906,0.061863383,0.114065276,0.953422358,0.881692105,0.975829407,1
0.024337339,0.952764644,0.978593423,0.081920607,0.143494283,0.079954822,0.926619475,0.124354982,0.092944069,0.384507124,1
0.95806295,0.029574254,0.050380069,0.374694505,0.94332495,0.969399081,0.523723799,0.077242071,0.888450307,0.037990996,0
0.598816949,0.950332091,0.810752374,0.901199384,0.110075195,0.045394346,0.17640156,0.919013747,0.962798721,0.958701609,1
0.566189664,0.926750681,0.79682808,0.936827623,0.120645899,0.035839639,0.143335193,0.935026554,0.878009649,0.96815686,1
0.560009023,0.943738127,0.797423304,0.892889049,0.09049879,0.018336035,0.105352217,0.90617188,0.856720819,0.956626317,1
0.056571554,0.971312027,0.960370442,0.056460204,0.126120024,0.094863987,0.979024669,0.12210894,0.101729133,0.38620374,1
0.049029931,0.968583236,0.969149491,0.013536788,0.176710846,0.099434558,0.916684007,0.094691951,0.066122309,0.388311094,1
0.007444462,0.956680561,0.958993152,0.02117639,0.142721157,0.083530446,0.916834469,0.079765738,0.141634165,0.387314012,1
0.594493842,0.951706128,0.784087594,0.900285606,0.064149606,0.009015402,0.057270936,0.969612135,0.958756224,0.952539014,1
0.945260328,0.021492964,0.05490928,0.372141285,0.980159014,0.954130148,0.558572932,0.058269149,0.878942592,0.041539436,0
0.937944273,0.032444185,0.027720478,0.406000676,0.952383841,0.965468336,0.577392385,0.08007523,0.918299622,0.039783546,0
0.585922997,0.946214792,0.818834492,0.924685445,0.087606277,0.058128075,0.095435661,0.915321804,0.839263008,0.928860244,1
0.013185927,0.968348075,0.954047686,0.041568398,0.156533433,0.075320612,0.901875269,0.09660236,0.085840838,0.366248862,1
0.961074464,0.010911301,0.044473199,0.400052293,0.942760173,0.964444288,0.584714208,0.10134001,0.804720319,0.034379935,0
0.935106302,0.046702785,0.061973842,0.377755922,0.966312059,0.951010379,0.551391914,0.051172118,0.768347292,0.050216208,0
0.940239688,0.050766897,0.036307797,0.391006449,0.956232059,0.934509157,0.593273633,0.043902398,0.883579018,0.030441253,0
0.585329523,0.947101975,0.783931348,0.895726366,0.077730112,0.028278812,0.121090496,0.894074717,0.931398801,0.962489046,1
0.958619865,0.025905014,0.083216223,0.372764199,0.888704315,0.951393262,0.511792296,0.088352014,0.755285711,0.044106863,0
0.94480086,0.037557362,0.062339218,0.371316905,0.939376213,0.928853443,0.625182172,0.057258725,0.849508684,0.03944497,0
0.96582487,0.042383164,0.042999299,0.365891616,0.919724118,0.96110837,0.595447782,0.016426932,0.846666502,0.045894251,0
0.015919282,0.955452448,0.960813644,0.006405512,0.141434982,0.106593563,0.924988165,0.101439295,0.078158927,0.372721925,1
0.95927122,0.025436716,0.048525933,0.391833086,0.894153891,0.946916727,0.622167049,0.091676536,0.844244171,0.04706672,0
0.01117428,0.979564585,0.963782705,0.034138696,0.14393308,0.081865098,0.866854171,0.132551376,0.135977579,0.387328648,1
0.583938198,0.954469401,0.799143183,0.898725194,0.082504528,0.064903558,0.106356032,0.974479115,0.769296552,0.967305335,1
0.042113305,0.982155931,0.941645151,0.010360798,0.151258209,0.083152554,0.930046604,0.101765425,0.124225939,0.401762988,1
0.599184352,0.939937786,0.797552738,0.920494314,0.052814503,0.056956958,0.101739598,0.917375813,0.909513034,0.943584512,1
0.599099869,0.934177014,0.818230676,0.90714619,0.071465777,0.031643215,0.027108829,0.957730022,0.918412865,0.952093772,1
0.569932079,0.940675048,0.802322867,0.891447382,0.075120996,0.023102511,0.087591452,0.943843855,0.814909935,0.962046131,1
0.93659914,0.027816559,0.054662257,0.404762163,0.931199993,0.945546811,0.606583627,0.087614616,0.806321496,0.062403609,0
0.945032295,0.029684844,0.040162851,0.383720075,0.978329731,0.922043726,0.619708174,0.078186475,0.79340505,0.028887855,0
0.613747664,0.948519987,0.772935981,0.928034015,0.043972518,0.053973928,0.145986752,0.91577775,0.928476549,0.961664283,1
0.049363002,0.944699593,0.956487095,0.050183797,0.151808287,0.121607317,0.935901464,0.071052742,0.129900694,0.356729192,1
0.916326993,0.030241295,0.053170478,0.409335722,0.957401549,0.966731165,0.550796767,0.022913205,0.82956558,0.05752519,0
0.577739737,0.935860076,0.822833833,0.922369556,0.035718542,0.055877309,0.17795754,0.961382541,0.818180667,0.949296055,1
0.045142219,0.956313984,0.955361004,0.069262691,0.149773242,0.061478689,0.954795025,0.079319288,0.217362857,0.396112369,1
0.947582609,0.03444438,0.033992616,0.367331838,0.897374684,0.934961274,0.53694942,0.073792202,0.807364886,0.050796306,0
0.588984524,0.954235311,0.821146588,0.936090705,0.018991822,0.023894975,0.086813354,0.936616308,0.908675587,0.945966069,1
0.587760197,0.939075718,0.779073958,0.915190519,0.041161882,0,0.122029719,0.958219488,0.780705443,0.942050399,1
0.960555048,0.022937585,0.049928993,0.386594924,0.946961412,0.979370616,0.606517583,0.043354387,0.908177723,0.048032015,0
0.583334928,0.933045663,0.780627555,0.941083081,0.103555012,0.051384029,0.071301971,0.928187611,0.939570418,0.957926796,1
0.573860201,0.940418006,0.791784132,0.927226098,0.077206838,0.023083316,0.120159639,0.951000353,0.910547274,0.970874802,1
0.955079026,0.031377041,0.059198398,0.378190949,0.972627841,0.94549132,0.63414389,0.026859701,0.866341571,0.05026982,0
0.56982259,0.941785256,0.793980667,0.937887986,0.023271904,0.064780046,0.102302058,0.92546895,0.840715918,0.933155269,1
0.963224378,0.018256436,0.075262152,0.390524223,0.920219474,0.953897806,0.604178479,0.055484856,0.81373675,0.040659892,0
0.036477318,0.942251136,0.973279389,0.015500515,0.148234999,0.086448961,0.969441591,0.063552648,0,0.383755399,1
0.957958513,0.046355303,0.052888068,0.37964256,0.908785859,0.937218159,0.599445388,0.084091617,0.872676279,0.041940501,0
0.944221642,0.030672535,0.044045216,0.363545689,0.925886822,0.962171622,0.575849122,0.074359166,0.817257094,0.059870372,0
0.935136872,0.043374004,0.056429144,0.385083718,0.913657757,0.947786024,0.645351105,0.069884735,0.88177302,0.0328094,0
0.609344935,0.937325463,0.785949244,0.906906144,0.033308511,0.029148011,0.074227504,0.917079211,0.884137734,0.959202175,1
0.939408559,0.021750121,0.071675462,0.381284022,0.968231467,0.967044805,0.653773033,0.033459744,0.90296831,0.059521847,0
0.023748907,0.974756816,0.965456096,0.055861135,0.112602818,0.06938474,0.944111092,0.072423646,0.154719608,0.362370065,1
0.036255059,0.961615678,0.97589437,0.051060669,0.162962846,0.096503231,0.913302396,0.080695132,0.085933927,0.369839512,1
0.958294618,0.036124274,0.080477984,0.390198571,0.90333493,0.964794016,0.646553375,0.044895341,0.830968964,0.049456528,0
0.940418777,0.040283299,0.04743318,0.379745004,0.938699066,0.93284454,0.593752921,0.079304025,0.828843421,0.057584379,0
0.039675906,0.978448926,0.929629621,0.046637048,0.094076666,0.093469047,0.92116103,0.106088227,0.095763728,0.39886197,1
0.586803144,0.944886192,0.786903989,0.911968678,0.0809589,0.017627989,0.062812157,0.954265483,0.893269298,0.953435974,1
0.97218696,0.028161434,0.075281691,0.388444172,0.884300075,0.971235687,0.557766133,0.087062221,0.848146923,0.022437652,0
0.936561743,0.052264899,0.03834925,0.427497256,0.930409972,0.958285507,0.612853212,0.101168399,0.842104088,0.038361309,0
0.576447903,0.947434771,0.819459838,0.911770431,0.056070239,0.06989746,0.059499864,0.881862999,0.90522623,0.949050347,1
0.585479468,0.943095631,0.811365691,0.923939312,0.071360234,0.05442048,0.1536716,0.949701582,0.886138523,0.937884906,1
0.585260227,0.942927088,0.796383113,0.910000424,0.055537787,0.034559223,0.106457986,0.922600883,0.854010467,0.957440256,1
0.02613989,0.957257574,0.967487164,0.039186035,0.081956743,0.051546466,0.904159465,0.107025269,0.012083912,0.37433006,1
0.582475126,0.944845892,0.813401147,0.894856542,0.082714414,0.036793611,0.108498483,0.967436115,0.894168176,0.956613051,1
0.943775432,0.033543989,0.043085519,0.385282379,0.934783842,0.957075072,0.579072594,0.043767111,0.815173521,0.026002371,0
0.970500103,0.016261339,0.060644048,0.373616323,0.896603954,0.961432832,0.610832779,0.049074456,0.780433216,0.04244811,0
0.017982468,0.959126269,0.979015402,0.055014003,0.17472392,0.09001137,0.887675566,0.087621377,0.099481379,0.399566684,1
0.608897718,0.931984872,0.809651556,0.908432652,0.070655486,0.05233998,0.070292997,0.945385085,0.89307324,0.962762794,1
0.960732351,0.035045539,0.06185673,0.388640027,0.903187292,0.973648024,0.557792019,0.046843498,0.839122937,0.031128459,0
0.957898264,0.048317874,0.060343641,0.366571314,0.976715619,0.982130315,0.681923407,0.042219453,0.857816953,0.015006078,0
0.988340972,0.035036086,0.072279731,0.386789592,0.952801671,0.970470141,0.617758173,0.095889097,0.885774243,0.039370003,0
0.021510752,0.965986691,0.984978125,0.050455729,0.129015213,0.089047312,0.909062612,0.078668215,0.082859181,0.357065866,1
0.588493224,0.943339486,0.79468863,0.895845589,0.072788868,0.049766459,0.155693449,0.959581272,0.981333641,0.945392428,1
0,0.964795764,0.968088425,0.064215095,0.117266152,0.083659038,0.893589713,0.102046724,0.09436597,0.375593465,1
0.969332095,0.017092905,0.044859314,0.372810272,0.94835442,0.976157313,0.557531154,0.011044052,0.828714043,0.056309648,0
0.572136039,0.939725082,0.798630619,0.935216513,0.058262782,0.03981626,0.070836716,0.906536335,0.921775031,0.974672891,1
0.020554611,0.97407713,0.976249179,0.017549385,0.170119829,0.104795542,0.887049297,0.073182727,0.179351253,0.384963877,1
0.952243439,0.019863208,0.036103749,0.392408024,0.969256838,0.954522202,0.569510993,0.059854742,0.82327039,0.047781611,0
0.588670472,0.951856154,0.768087835,0.939003949,0.081844123,0.036474156,0.128540336,0.991854539,0.893758009,0.959395291,1
0.050860607,0.952719108,0.93633513,0.061819804,0.157362084,0.069283125,0.895439872,0.12345813,0.08130212,0.403869957,1
0.965152624,0.008412291,0.070224244,0.421421043,0.92870499,0.920365193,0.565350439,0.068288399,0.802131151,0.036610547,0
0.047008849,0.971573796,0.997262115,0.017940602,0.160165949,0.068929024,0.942726976,0.073153597,0.115600188,0.377151683,1
0.596634807,0.947479097,0.814805958,0.92840841,0.068088979,0.024699522,0.100609376,0.915043453,0.859888881,0.964088215,1
0.598465094,0.945257289,0.829995086,0.895051024,0.047864713,0.033794628,0.037074212,0.923035725,0.851954175,0.958046435,1
0.597709005,0.944021536,0.771271051,0.884090546,0.062398087,0.066809962,0.098931535,0.898982826,0.874761484,0.952212405,1
0.044655703,0.970471682,0.935872193,0.063556903,0.132575248,0.084548395,0.977788379,0.11783254,0.122212227,0.368932501,1
0.564126914,0.951579725,0.803933367,0.961959295,0.063205784,0.045708003,0.115819246,0.974794351,0.881445109,0.95981998,1
0.053594115,0.95091456,0.971876699,0.057490856,0.126411903,0.090882944,0.932936588,0.082501334,0.089336694,0.354159355,1
0.576914095,0.949783899,0.813937362,0.913729837,0.080988641,0.067293071,0.115532887,1,0.910801349,0.931695014,1
0.608327757,0.95028312,0.775756219,0.954998119,0.107296195,0.050990473,0.100030028,0.91236303,0.86914334,0.970984665,1
0.032729563,0.963098032,0.954907198,0.076108127,0.155929769,0.08678513,0.944939889,0.067735928,0.180304183,0.38017579,1
0.017173909,0.932948022,0.954942461,0.055827126,0.181121699,0.075670894,0.910644086,0.124158659,0.0510785,0.375863439,1
0.932310384,0.017088963,0.02457329,0.405112568,0.971698498,0.985168504,0.605312767,0.098484653,0.821259732,0.027769584,0
0.05518437,0.953288494,0.970546407,0.037377707,0.170927141,0.051451465,0.921007222,0.080926856,0.153344951,0.387701509,1
0.05643036,0.977412629,0.944145153,0.034153982,0.11461842,0.079283876,0.914074627,0.114948844,0.192352095,0.400464419,1
0.928685795,0.031674157,0.023472965,0.385040801,0.930249778,0.967372173,0.578850468,0.085209587,0.878277227,0.073427085,0
0.026691929,0.971928058,0.957010436,0.056985512,0.130814502,0.080042567,0.925652847,0.071098691,0.167052777,0.374144149,1
0.610734543,0.947630872,0.772858696,0.923261672,0.106592444,0.033643404,0.103098066,0.936335691,0.850809537,0.964911398,1
0.054886577,0.962100941,0.981720734,0.018494388,0.122727857,0.073554277,0.906743759,0.069760675,0.188477098,0.377651305,1
0.041857222,0.931162407,0.959402123,0.006691819,0.18128703,0.093726588,0.939779224,0.133192893,0.091986116,0.405313447,1
0.573157369,0.940538185,0.78484933,0.915094381,0.138835961,0.015341545,0.130314739,0.896286305,0.864713057,0.97098745,1
0.581123566,0.960090402,0.748302845,0.937827537,0.108018672,0.012341525,0.096174415,0.926833298,0.823149966,0.945248077,1
0.566017601,0.928367123,0.801848478,0.919937866,0.07930613,0.047560743,0.084981623,0.94168984,0.89869834,0.946123149,1
0.045653365,0.966897481,0.974528773,0.033598458,0.161304358,0.078634377,0.948808769,0.110905696,0.092584868,0.396194189,1
0.584511969,0.93007185,0.812326388,0.930181604,0.094895092,0.02928285,0.154089227,0.901475555,0.911749708,0.986175228,1
0.958210479,0.026700099,0.039790013,0.392100788,0.937789748,0.965235787,0.568425043,0.024676278,0.827800971,0.054659817,0
0.589443494,0.94695456,0.804153767,0.958513177,0.066978905,0.030899697,0.061779142,0.917986497,0.884206944,0.980716508,1
0.955500462,0.022579051,0.052485923,0.379334161,0.886051777,0.925789156,0.584860013,0.05604835,0.822455941,0.053309198,0
0.916620241,0.034066808,0.07486962,0.357013686,0.920521821,0.963042149,0.618907785,0.058837407,0.816273742,0.016566566,0
0.953350352,0.026575817,0.077634094,0.39064119,0.903130477,0.957526233,0.542628535,0.081518188,0.859952254,0.056921375,0
0.545758288,0.953692023,0.769972997,0.908190004,0.038336345,0.016291723,0.125510382,0.954656552,0.86006716,0.920246948,1
0.568181652,0.92702388,0.819948918,0.894180476,0.043490588,0.011177178,0.086344086,0.90341382,0.958625057,0.96989634,1
0.586728799,0.951349622,0.801157709,0.918291913,0.049284991,0.049380333,0.169990008,0.96908416,0.956455852,0.948924027,1
0.043137902,0.979556669,0.945569879,0.069069791,0.184491709,0.080693502,0.853892347,0.080803776,0.191760613,0.380905134,1
0.018641303,0.961762901,0.955312286,0.056656005,0.100417205,0.089138546,0.991461426,0.062215041,0.142569377,0.372092896,1
0.038432014,0.975460222,0.989764753,0.073010945,0.193802577,0.093213112,0.926798031,0.056338525,0.123210374,0.369593585,1
0.068244173,0.978673285,0.966094343,0.032334174,0.169783701,0.068242566,0.94010063,0.108201192,0.181241466,0.419271205,1
0.961361643,0.038693642,0.04835756,0.397831607,0.967108974,0.970948206,0.539413467,0.090051505,0.844153143,0.044719287,0
0.571809977,0.938878853,0.810022325,0.900261431,0.096183076,0.02607624,0.125123553,0.971450316,0.775875915,0.944985018,1
0.059986364,0.955252312,0.971727844,0.047902969,0.154120811,0.100930216,0.948599127,0.102867198,0.060623391,0.367983127,1
0.044449768,0.970010826,0.980879745,0.045610199,0.155390634,0.076711718,0.933224744,0.087316146,0.161754992,0.37612418,1
0.050892805,0.986096694,0.960317848,0.021461226,0.178434389,0.080659844,0.852206325,0.116616403,0.110359759,0.379972152,1
0.945806224,0.02122885,0.059295014,0.373807665,0.999859247,0.975579889,0.584391838,0.095141414,0.896156507,0.03593866,0
0.578087998,0.915973846,0.766310526,0.930372578,0.094744209,0.048710675,0.07546062,0.934800077,0.885518566,0.940001003,1
0.062384559,0.958014094,0.931056676,0.066089429,0.126762074,0.093918971,0.858927424,0.117728147,0.080335432,0.39129637,1
0.036605539,0.962045433,0.961513834,0.054199216,0.171727335,0.072954993,0.884373142,0.070117837,0.112497722,0.376368079,1
0.946377122,0.010834252,0.04308135,0.366793076,0.919895462,0.956253733,0.609118039,0.074976918,0.860695452,0.028609237,0
0.592946799,0.937214934,0.773296899,0.848578267,0.071288482,0.06831241,0.162665051,0.924725373,0.858925365,0.96243633,1
0.04277527,0.965026323,0.956625738,0.078606212,0.122903361,0.104714558,0.940880567,0.061325851,0.150474492,0.352264844,1
0.558692337,0.958404297,0.791107302,0.94112188,0.026099256,0.033794884,0.10771872,0.937130386,0.865684471,0.964560757,1
0.033180335,0.955067441,0.974259216,0.034577324,0.177074764,0.091392047,0.946975876,0.062146585,0.187982245,0.384822619,1
0.575932993,0.933493996,0.793859106,0.894540989,0.079881884,0.041787225,0.099616476,0.913639655,0.860055569,0.966388264,1
0.033220587,0.9745787,0.966987108,0.047762906,0.171046168,0.080412556,0.937250717,0.093221669,0.145930399,0.373185247,1
0.58693302,0.961445901,0.798492504,0.907568823,0.063666266,0.019767155,0.136846177,0.934058699,0.877660797,1,1
0.020653675,0.971186749,0.970160482,0.001302706,0.113001116,0.078291008,0.914312677,0.065997428,0.151422051,0.384687813,1
0.937083284,0.046097522,0.063908597,0.38932706,0.925367406,0.928767855,0.541807953,0.116906746,0.790142751,0.046327071,0
0.593915281,0.946693911,0.844999047,0.938459525,0.068392903,0.028611122,0.054243101,0.940981335,0.852077761,0.936362447,1
0.95458557,0.009649068,0.031834445,0.411132474,0.933609,0.95062963,0.532261396,0.043296303,0.757208619,0.042318005,0
0.055557675,0.975073627,0.941533596,0.044640895,0.126042523,0.064095172,0.917094564,0.088170325,0.241948458,0.387190183,1
0.959964268,0.033444591,0.048847272,0.360952135,0.944133264,0.947237986,0.504677412,0.09926609,0.889603177,0.044426796,0
0.943067416,0.030272314,0.0445025,0.359852649,0.916808629,0.965839107,0.588011909,0.074003777,0.802817505,0.041211881,0
0.957754163,0.044077535,0.030510469,0.338054728,0.962164609,0.946198334,0.51036556,0.073437858,0.882263725,0.042031535,0
0.934641184,0.036107462,0.041683167,0.40496288,0.906555817,0.983271756,0.547598491,0.075264823,0.882205245,0.035846376,0
0.921941624,0.018264745,0.015729057,0.388267666,0.933084584,0.953497351,0.542746104,0.041019999,0.867656541,0.03612336,0
0.612700248,0.950395787,0.78340112,0.926143306,0.112438933,0.055975867,0.109523261,0.920053518,0.916697147,0.961398232,1
0.964883251,0.03725668,0.030853528,0.394084159,0.956786502,0.980491738,0.606785906,0.088591886,0.849696249,0.04906861,0
0.577979476,0.933652883,0.807052898,0.893975072,0.074145948,0.035566407,0.123437209,0.944185437,0.931771273,0.948940563,1
0.589601248,0.946130139,0.793126555,0.907968855,0.031263196,0.036396182,0.096173522,0.916230687,0.878513498,0.961543911,1
0.620724824,0.947615668,0.796281256,0.906290733,0.075933276,0.040299307,0.131039668,0.959518063,0.850761063,0.93761746,1
0.945841084,0.046565376,0.057874311,0.419706261,0.931191547,0.9718966,0.631589909,0.102147878,0.798508591,0.040216746,0
0.572347102,0.939588354,0.800008838,0.90055791,0.048369449,0.046065122,0.115672686,0.923498672,0.864752753,0.959172327,1
0.60890774,0.944497272,0.812941924,0.914771145,0.131513265,0.068066285,0.099284144,0.95988397,0.914349406,0.974843748,1
0.562769675,0.927389888,0.780915891,0.908444849,0.08104847,0.063991286,0.136001744,0.932038237,0.884833814,0.942149692,1
0.567339903,0.947417768,0.782903962,0.906683028,0.05472899,0.069477146,0.107096899,0.909944626,0.922220129,0.93913953,1
0.586076485,0.948992911,0.766670944,0.901338591,0.094988323,0.024263019,0.11728494,0.902589603,0.906399739,0.955481342,1
0.037510711,0.9630588,0.959266912,0.068932251,0.163624535,0.039616418,0.946057838,0.100554226,0.133310554,0.375863471,1
0.035012003,0.949864125,0.955578575,0.049264529,0.118712086,0.068481189,0.935701982,0.094564587,0.135598694,0.370762153,1
0.044511499,0.95081081,0.968195675,0.039908131,0.091486048,0.069889555,0.910571789,0.142216691,0.158866536,0.362806548,1
0.945735856,0.049927107,0.062213961,0.387121007,0.922440561,0.953290509,0.591550146,0.071766704,0.820646886,0.041430724,0
0.061967093,0.961949412,0.967428114,0.04926546,0.142633145,0.094212717,0.950622985,0.052731625,0.192086945,0.358297661,1
0.608173133,0.953052294,0.789311299,0.91385625,0.078091691,0.012802249,0.099343428,0.919191022,0.841181686,0.952096905,1
0.031898439,0.962407941,0.934146678,0.025258801,0.174332552,0.105925702,0.883339656,0.08118172,0.132968615,0.385083363,1
0.954977248,0.022119399,0.053811997,0.419550586,0.954324594,0.952249785,0.585872487,0.063945313,0.847377008,0.039224892,0
0.035789775,0.956309881,0.967942505,0.073585921,0.092427233,0.084086047,0.918981974,0.112283146,0.14361294,0.370852135,1
0.950644633,0.009952633,0.061809687,0.40846179,0.908757116,0.96436783,0.548920191,0.072271537,0.790851647,0.018990762,0
0.060017148,0.955029264,0.97891659,0.053022806,0.127869589,0.108250443,0.884690475,0.118381694,0.178592513,0.371973793,1
0.046347459,0.964429181,0.981559233,0.04224679,0.095372915,0.100778385,0.894243101,0.079673115,0.107679464,0.400171479,1
0.969149785,0.036327641,0.034419794,0.383218664,0.919702905,0.947921678,0.609818066,0.0361102,0.918496947,0.055134286,0
0.937312434,0.024893238,0.036996235,0.366198007,0.998697452,0.977629006,0.641056154,0.039773258,0.850192376,0.025879334,0
0.067543033,0.964964533,0.966357685,0.059001513,0.109899507,0.107190939,0.931008392,0.135920858,0.101576732,0.406288256,1
0.57754497,0.938339703,0.799696983,0.903771883,0.08043901,0.072724555,0.136448514,0.92795099,0.939042482,0.950346147,1
0.588258954,0.921187689,0.770625969,0.917683461,0.093379125,0.045012566,0.103707543,0.928564252,0.819995337,0.946047414,1
0.031135412,0.964341867,0.95531131,0.027813251,0.10594885,0.081202366,0.874368772,0.114466388,0.137804071,0.361123422,1
0.565129513,0.956236073,0.785147397,0.921052854,0.070728829,0.049461436,0.110093673,0.904400596,0.929937716,0.949164757,1
0.029660821,0.956758952,0.960688584,0.023214951,0.170789083,0.077038338,0.827841748,0.086537757,0.088004428,0.358728076,1
0.577959818,0.955071298,0.798839118,0.873553804,0.081428473,0.03691378,0.08508457,0.95102719,0.931480715,0.968813457,1
0.553892632,0.945292246,0.78187204,0.932444495,0.049225977,0.040848493,0.124300132,0.957279911,0.832355496,0.951360602,1
0.595536616,0.93971324,0.798510849,0.910320546,0.074879333,0.051180543,0.080396303,0.987466551,0.840986333,0.939231291,1
0.948765581,0.038220761,0.066781638,0.388867826,0.990931852,0.961515802,0.56584429,0.030208277,0.835358294,0.039076311,0
0.56432274,0.932285207,0.813298287,0.898460076,0.041889449,0.05032905,0.14688621,0.95366721,0.929927981,0.945537927,1
0.033665148,0.979145802,0.963701279,0.062605262,0.160486091,0.070093729,0.902942274,0.121108576,0.11926931,0.375654855,1
0.948395252,0.023021102,0.044213633,0.380892554,0.923644639,0.939984506,0.573103104,0.056071731,0.716886307,0.072021286,0
0.598884738,0.946649539,0.806758015,0.92742777,0.048174071,0.034365328,0.132339818,0.95099505,0.884750056,0.957590508,1
0.003029436,0.963249673,0.986566268,0.064258895,0.174348295,0.100403016,0.9272368,0.100617706,0.106702532,0.376862365,1
0.590062942,0.929145961,0.808634019,0.909087576,0.05700685,0.057786075,0.084174723,0.901312881,0.816525429,0.964328564,1
0.942020873,0.034058648,0.057514877,0.393156732,0.935186331,0.940855463,0.625480211,0.114341898,0.772274896,0.029594967,0
0.592634792,0.945274071,0.778554728,0.929019243,0.055480805,0.044294185,0.192487932,0.93361025,0.936735023,0.946277233,1
0.037845674,0.97226796,0.964211133,0.072582176,0.125775683,0.093254996,0.91783513,0.094182261,0.138217789,0.384698386,1
0.582710998,0.949805836,0.797782243,0.899230014,0.066079828,0.035343092,0.087989706,0.956882394,0.901539005,0.946418794,1
0.913626744,0.054998065,0.055739511,0.372721774,0.941951289,0.960816539,0.555212732,0.074738535,0.820040002,0.038139058,0
0.588463093,0.937820907,0.814232235,0.893107667,0.066692688,0.036118401,0.155555231,0.940811312,0.931518255,0.935489561,1
0.574247021,0.93575257,0.76937008,0.952644813,0.036209414,0.032433612,0.083708096,0.957997746,0.872575483,0.973176899,1
0.568622455,0.941598894,0.795070354,0.924834122,0.092604731,0.026149954,0.056643071,0.967417042,0.900441643,0.945652487,1
0.932005095,0.052509962,0.041198006,0.408930537,0.943460819,0.943922937,0.57714109,0.089161744,0.83866343,0.060165372,0
0.948680836,0.029372212,0.069603945,0.39440303,0.916319766,0.985766376,0.578974708,0.088788589,0.820006496,0.048721197,0
0.045925183,0.947182507,0.964165174,0.037472115,0.166092807,0.078015834,0.91336413,0.113772766,0.149026627,0.385579667,1
0.929099779,0.030389044,0.059241329,0.430652968,0.957782847,0.954720135,0.543283899,0.100137467,0.804169937,0.066168144,0
0.931911348,0.029223265,0.068128645,0.408144385,0.937857645,0.944064514,0.598759163,0.070344891,0.743947017,0.054505546,0
0.928638819,0.038704056,0.038538441,0.385806173,0.924385709,0.946763885,0.577104914,0.064561916,0.830507162,0.033670305,0
0.055548151,0.970385975,0.965755512,0.065943803,0.068546272,0.092277962,0.902593028,0.050711173,0.156851841,0.400160731,1
0.015815336,0.966832796,0.996706269,0.043557092,0.141025902,0.077209523,0.918309788,0.129546824,0.035879825,0.402363743,1
0.57020227,0.950903555,0.810902093,0.873650639,0.037957233,0.012838674,0.098605859,0.953632485,0.952420752,0.956994408,1
0.029502481,0.962168676,0.982465045,0.047774563,0.131186525,0.089454434,0.887721277,0.112529718,0.15229405,0.376976316,1
0.606340593,0.949531693,0.803077257,0.932466611,0.093969242,0.046610972,0.111002111,0.934433846,0.852183766,0.952102768,1
0.936556909,0.024062791,0.070783583,0.422546541,0.930552751,0.958921748,0.547323705,0.098728736,0.876588043,0.070480391,0
0.954896511,0.010838305,0.084765922,0.419266125,0.925964797,0.942209368,0.588870705,0.072001507,0.862827508,0.046355993,0
0.58089439,0.932204904,0.785542427,0.921746278,0.093913294,0.029096876,0.136398121,0.969335614,0.904045435,0.981850422,1
0.563226845,0.923421234,0.767293487,0.941679558,0.056166603,0.079751382,0.088823089,0.940515914,0.954186773,0.983633197,1
0.057187532,0.950019442,0.973054129,0.073326598,0.157661988,0.098290445,0.991061968,0.120954736,0.145217212,0.395630339,1
0.953443917,0.028655091,0.047062848,0.407458563,0.907420944,0.986563292,0.51691532,0.055159707,0.863473577,0.051771128,0
0.622018342,0.942550898,0.796433982,0.936907693,0.103964991,0.059794884,0.128737702,0.907845595,0.95824373,0.940166727,1
0.941315298,0.035797955,0.066503752,0.385190796,0.968138968,0.979394126,0.546935284,0.049271842,0.840790775,0.047955911,0
0.967740275,0.000192289,0.050476092,0.387822991,0.924337056,0.983376343,0.547897216,0.088861347,0.862853445,0.061108572,0
0.938224593,0.041386656,0.065951414,0.400365542,0.971551325,0.941106568,0.632656897,0.10735387,0.879706905,0.068282295,0
0.041867737,0.939831408,0.95867809,0.024233493,0.1515596,0.125860472,0.936488138,0.088046124,0.175092679,0.387875843,1
0.028072781,0.950633155,0.95860687,0.053904633,0.174980951,0.081306496,0.913682665,0.099496559,0.097040504,0.410031434,1
0.937863434,0.02139142,0.026394331,0.379332309,0.935034301,0.961790254,0.608902856,0.082834556,0.838547441,0.040981721,0
0.584652844,0.956369755,0.802213985,0.904906031,0.094337528,0.001059672,0.145660598,0.893160967,0.869577186,0.940534535,1
0.963187623,0.036753469,0.052569623,0.398927792,0.946740332,0.97693735,0.620306082,0.08326085,0.884601685,0.050802485,0
0.610775583,0.947904335,0.781142574,0.91199517,0.088183959,0.043624619,0.125420573,0.913317028,0.893202455,0.936480187,1
0.589494309,0.970775168,0.782277845,0.901294813,0.054110844,0.034433791,0.086396331,0.965235168,0.948784445,0.948103206,1
0.616758617,0.956770021,0.810322205,0.926592374,0.094529669,0.034496249,0.080397026,0.93589118,0.878118165,0.949723572,1
0.034591086,0.964247808,0.96298461,0.000180117,0.146107487,0.072373364,0.907933418,0.131288762,0.078321428,0.392433084,1
0.589701472,0.934726277,0.791957871,0.920653382,0.081349834,0.048659199,0.161087418,0.947135416,0.874831961,0.969265807,1
0.026720183,0.949816211,0.959364587,0.064156102,0.14282809,0.10440582,0.876145377,0.09546439,0.078504168,0.386234275,1
0.028804585,0.965183957,0.974087928,0.038691019,0.177450881,0.116816584,0.898216264,0.061775256,0.147638816,0.391169496,1
0.908508233,0.024987564,0.042516361,0.404465788,0.93807244,0.937795126,0.544656751,0.07475732,0.843514368,0.035729401,0
0.051700767,0.970555395,0.951730599,0.053129267,0.169590099,0.093390149,0.963743112,0.113192801,0.14975476,0.395975895,1
0.986851596,0.045363395,0.062954737,0.392722933,0.966465842,0.965791294,0.578208135,0.062397405,0.843432182,0,0
0.08591314,0.978737679,0.939755606,0.013627172,0.160403414,0.090377008,0.942507033,0.08948759,0.128568389,0.385741314,1
0.956085111,0.030997183,0.042069002,0.395689024,0.935677751,0.974666336,0.580195811,0.051486621,0.891015021,0.040720636,0
0.966990688,0.014477379,0,0.40306646,0.944446765,0.942384914,0.544638619,0.046003151,0.851937457,0.03507872,0
0.603343896,0.92940997,0.803121906,0.929038672,0.063500373,0.062540952,0.102565914,0.93906458,0.877989901,0.956187581,1
0.586255616,0.920754927,0.808504086,0.921052507,0.100864271,0.000365243,0.176836675,0.932539011,0.934909579,0.941634337,1
0.953603155,0.028422392,0.060737506,0.405521655,0.946285187,0.946250498,0.586516235,0.099287954,0.820521712,0.072641304,0
0.028701364,0.9502003,0.954858723,0.047489034,0.163667008,0.074298975,0.910591953,0.072956432,0.132745006,0.369522134,1
0.57560981,0.939800814,0.78648944,0.917088018,0.076712901,0.042562742,0.122042274,0.965275275,0.927862508,0.935498695,1
0.053452071,0.957825069,0.953134331,0.018632621,0.159181627,0.093748843,0.939483986,0.136970091,0.133893086,0.390441191,1
0.038523943,0.974035739,0.955185382,0.007229871,0.196963962,0.102518106,0.881418084,0.112735164,0.111797058,0.384853459,1
0.939553404,0.01597093,0.053217523,0.403384391,0.95226884,0.970185701,0.588100222,0.056757893,0.88432896,0.024996752,0
0.960679941,0.048533917,0.031997525,0.389398976,0.922092807,0.935433005,0.588842448,0.13167575,0.765281561,0.043269392,0
0.050168781,0.974700477,0.952559637,0.046185817,0.202863792,0.075051092,0.88916077,0.132224691,0.221329535,0.3812714,1
0.034846795,0.94897099,0.962819731,0.063719895,0.120327186,0.104524132,0.941243155,0.121123828,0.104917419,0.393002813,1
0.028427731,0.957784698,0.959718585,0.032774268,0.089424236,0.093297276,0.888701712,0.101649605,0.226282717,0.368543779,1
0.033399088,0.96701721,0.967336887,0.037574412,0.16342661,0.075499993,0.953204661,0.062638182,0.139756096,0.407954796,1
0.945536005,0.029294921,0.067402365,0.374174657,0.892925859,0.955914323,0.561273851,0.04608922,0.839235751,0.050491465,0
0.556799104,0.948903643,0.774419992,0.864775828,0.083288476,0.07880244,0.107343303,0.956608951,0.889313874,0.954609263,1
0.942024699,0.032426202,0.039407628,0.395232859,0.887174699,0.950304914,0.541102258,0.073198522,0.89120521,0.052621751,0
0.951701839,0.054998137,0.055437071,0.389703995,0.946708517,0.95809077,0.550362978,0.090128329,0.857056376,0.043957339,0
0.073942622,0.962782361,0.964635346,0.055821375,0.147764042,0.107082311,0.903635748,0.100551058,0.101157467,0.3630197,1
0.543559011,0.942588231,0.78914304,0.928926847,0.125405261,0.05891485,0.098623051,0.90874332,1,0.95678929,1
0.949250383,0.035858044,0.065797929,0.390300875,0.955268242,0.982097497,0.589990458,0.077537511,0.779549387,0.007441434,0
0.062134842,0.972596469,0.955079406,0.032607594,0.1550597,0.089153277,0.930841281,0.103423001,0.209662218,0.395995101,1
0.963333849,0.032958521,0.069987395,0.38148369,0.905735938,0.978926749,0.573573396,0.075320345,0.901880728,0.029485672,0
0.04802325,0.947379048,0.980827509,0.032796018,0.143806127,0.101708047,0.881587273,0.061379696,0.108215316,0.395537825,1
0.937554531,0.032939895,0.065297263,0.393336755,0.891939737,0.946567605,0.574884258,0.068005848,0.934657027,0.024604196,0
0.958381129,0.036871463,0.046031276,0.36140664,0.952280685,0.946109763,0.649806648,0.083907753,0.821231657,0.035284578,0
0.958936688,0.017727191,0.029015097,0.396796493,0.941616555,0.949314042,0.582016449,0.108963035,0.877920154,0.027982023,0
0.033828244,0.964015072,0.997990785,0.037841889,0.136172156,0.072987354,0.948987326,0.091302079,0.105293322,0.399438856,1
0.058376772,0.96098115,0.96973667,0.070361512,0.106947964,0.07208645,0.914721155,0.076474212,0.211216167,0.369407093,1
0.037029807,0.95358965,0.919314554,0.039102753,0.216085563,0.093831334,0.923656099,0.089292314,0.135139735,0.388764234,1
0.610099383,0.927697212,0.764294204,0.912000154,0.083158318,0.042042557,0.038947335,0.933781035,0.827727611,0.965206357,1
0.561578382,0.935426771,0.792270957,0.918729976,0.065124837,0.047642353,0.066018856,0.971504357,0.882029046,0.97137828,1
0.932017229,0.037538333,0.070701844,0.401033888,0.931579045,0.950563178,0.611715889,0.034849418,0.803929205,0.038232876,0
0.037667531,0.975829243,0.982594328,0.101711283,0.163222984,0.087153675,0.930744795,0.087070692,0.149178818,0.377147388,1
0.034865731,0.966368343,0.932580647,0.052605319,0.116819842,0.062724655,0.87378352,0.123144449,0.106186692,0.402367797,1
0.025853512,0.969515576,0.997363056,0.019367132,0.147205043,0.102965892,0.921652666,0.106894475,0.086944905,0.38712603,1
0.968162003,0.029001086,0.045008507,0.401466986,0.898286218,0.961500059,0.595650155,0.086607966,0.760986781,0.033216761,0
0.937724447,0.044157018,0.014141217,0.36331695,0.909768933,0.938567299,0.524795455,0.080031573,0.837516983,0.048945804,0
0.583399472,0.931570555,0.783696948,0.886279146,0.128744001,0.043031648,0.084327954,0.941240134,0.88068844,0.952926,1
0.960603082,0.033479406,0.047001949,0.436293323,0.917954909,0.952385691,0.643418088,0.049391428,0.822588085,0.041687267,0
0.971546511,0.040042869,0.058001905,0.3987537,0.9213815,0.956359262,0.632718127,0.046672174,0.918763405,0.039274293,0
0.036994942,0.981080392,0.939966023,0.059005923,0.129033745,0.107436373,0.990406497,0.076894957,0.109727639,0.393072618,1
0.032000295,0.967053481,0.942268841,0.034494733,0.155661806,0.077567343,0.921196594,0.082735362,0.066861415,0.385654637,1
0.040549607,0.964653394,0.95702265,0.046898299,0.170302113,0.069791383,0.902458955,0.088287386,0.074351435,0.369924347,1
0.575099543,0.931050465,0.82151224,0.933102114,0.071852074,0.06405806,0.110111803,0.914778564,0.953343326,0.963403377,1
0.025158054,0.957145645,0.971228799,0.047447495,0.156618614,0.089531725,0.945355112,0.123070903,0.152347864,0.377893933,1
0.047962185,0.96889934,0.969201829,0,0.138463661,0.094712655,0.922672754,0.061181057,0.131813624,0.404717002,1
0.963043868,0.034396186,0.028942231,0.378223186,0.919903881,0.957128304,0.591468091,0.08015971,0.76812769,0.058384322,0
0.978671933,0.026651182,0.056231926,0.349589383,0.868436578,0.970547364,0.577154176,0.098870383,0.786013571,0.050883002,0
0.043479021,0.975330339,0.945131421,0.052363815,0.198686336,0.079238395,0.896170796,0.079714396,0.085734791,0.370399984,1
0.594570567,0.966307158,0.793391173,0.896858975,0.066807332,0.062528866,0.086111746,0.916306613,0.86423275,0.942828083,1
0.581220266,0.961251224,0.801325889,0.929797583,0.091199271,0.059597579,0.113551001,0.904060009,0.903434728,0.946991731,1
0.560199939,0.956280018,0.780643391,0.895007023,0.077866349,0.059236099,0.073839928,0.937492125,0.904728762,0.965529457,1
0.948338097,0.027738667,0.059884707,0.40993369,0.918144928,0.95736329,0.542219774,0.008392229,0.855932341,0.052110197,0
0.584625916,0.932715897,0.785559488,0.89332843,0.067094298,0.067431243,0.062025273,0.896265497,0.951035283,0.953086576,1
0.031213387,0.96713092,0.982808532,0.032328179,0.092387427,0.091431423,0.903213932,0.066484947,0.106405174,0.378676169,1
0.953023111,0.035400766,0.030687076,0.413937456,0.953916239,0.947995331,0.526321847,0.066301921,0.827215902,0.045274488,0
0.932766044,0.044730516,0.053363621,0.382627727,0.936846625,0.956691037,0.617827458,0.043371538,0.813152049,0.058003242,0
0.954089677,0.03445164,0.06396808,0.380498297,0.949187878,0.966268718,0.59209619,0.049549116,0.853662397,0.048735326,0
0.581348958,0.93898819,0.805038327,0.923254031,0.061671862,0.059391721,0.071675225,0.951132009,0.912027105,0.951704684,1
0.050018996,0.978279481,0.960202881,0.033267404,0.146521789,0.091162099,0.876388282,0.039254329,0.109684115,0.364389008,1
0.947065692,0.055288254,0.019845178,0.366534063,0.980605189,0.98528989,0.573906834,0.039375627,0.940134683,0.065698985,0
0.586385018,0.939839702,0.794588804,0.868498255,0.065746741,0.047715956,0.156581024,0.923219921,0.849761317,0.949054445,1
0.9445247,0.00951513,0.044202714,0.383324233,0.95569434,0.948090353,0.633036824,0.022823666,0.905275487,0.040621528,0
0.574640823,0.963425617,0.792362561,0.881035171,0.07577649,0.032606133,0.135437154,0.91991356,0.86585693,0.929919397,1
0.590685429,0.932641636,0.784368311,0.88940135,0.070274359,0.056419901,0.074838501,0.948378489,0.862121938,0.94504048,1
0.933879897,0.033480415,0.034139502,0.372360967,0.925203336,0.93837651,0.545017458,0.087178847,0.788947088,0.021682693,0
0.045072551,0.962125061,0.949329432,0.02785558,0.120083902,0.070305269,0.92206619,0.07814749,0.164441821,0.4017269,1
0.583185371,0.947910102,0.77806306,0.903400954,0.092915233,0.037092058,0.16484512,0.926139429,0.895660217,0.968831529,1
0.965608406,0.017967343,0.053873555,0.411323988,0.93778025,1,0.521974808,0.095922571,0.839350222,0.054357878,0
0.934945735,0.028870682,0.070919066,0.410349746,0.897826979,0.963367775,0.511701467,0.071022969,0.931335144,0.030644744,0
0.96088969,0.063675481,0.048995531,0.399061439,0.916134461,0.960890204,0.592610405,0.074662878,0.801727013,0.046559843,0
0.614061658,0.945158853,0.797386647,0.911574637,0.0167453,0.042132516,0.109543163,0.996593054,0.877132982,0.960130571,1
0.029252427,0.965678798,0.970273162,0.076183664,0.166824289,0.093896136,0.927076509,0.130472399,0.152345383,0.369347585,1
0.565348757,0.962907318,0.757905895,0.95144874,0.078167674,0.041110811,0.089464406,0.945796711,0.884006689,0.971185328,1
0.616677141,0.930807183,0.789306414,0.90701808,0.080947506,0.054390948,0.136095108,0.921625056,0.878254234,0.959869045,1
0.971753881,0.02662476,0.066877403,0.389333289,0.919875147,0.966876111,0.590930327,0.078652805,0.850637721,0.043192006,0
0.937872352,0.036828869,0.072349394,0.340291156,0.951918762,0.921964227,0.545298061,0.109960685,0.821181291,0.027528785,0
0.036565292,0.982713325,0.97202216,0.036750872,0.166606488,0.077553384,0.963219244,0.104858552,0.129374796,0.387393656,1
0.595758666,0.953927723,0.794532204,0.946519338,0.039156081,0.039699818,0.083760684,0.890039937,0.882005523,0.954294094,1
1,0.057983966,0.047694295,0.387811322,0.966132003,0.983040808,0.522989122,0.02590636,0.819393063,0.05174939,0
0.569089711,0.941060232,0.778263443,0.882115397,0.098792645,0.070308761,0.061140485,0.94982854,0.856773842,0.949256189,1
0.022381658,0.977273542,0.974628839,0.059574844,0.159152052,0.082697423,0.946620584,0.110326063,0.118413447,0.373311504,1
0.937276005,0.040643546,0.024720291,0.375958355,0.954620932,0.949020578,0.569509219,0.088181871,0.865754096,0.047393431,0
0.032301551,0.973833688,0.96875445,0.084793013,0.14006188,0.07732783,0.923650816,0.088300828,0.169679072,0.358934419,1
0.943070726,0.03414781,0.076224301,0.403841624,0.952087865,0.951989327,0.528097902,0.06473766,0.900630443,0.022657579,0
0.059727695,0.964061443,0.97861269,0.035151616,0.097367491,0.068956897,0.976151556,0.089019095,0.123329367,0.377086212,1
0.045969101,0.958351855,0.931831897,0.049484667,0.091357786,0.08141299,0.87889468,0.144667497,0.174628936,0.382678598,1
0.584507712,0.963087097,0.782459648,0.954060451,0.092493325,0.034332061,0.128527923,0.959908173,0.913302488,0.934322192,1
0.584437461,0.950852442,0.793518158,0.913920878,0.099141785,0.035007704,0.110734007,0.924597921,0.866376134,0.951709845,1
0.927077902,0.046449305,0.039526827,0.406460203,0.900793451,0.967986753,0.599633681,0.079322901,0.802849489,0.047155306,0
0.95689937,0.023827651,0.054620919,0.348372635,0.954817225,0.962591715,0.598529309,0.095907554,0.863358426,0.045756372,0
0.964724973,0.034791566,0.024890754,0.385786127,0.946120699,0.960807026,0.516161888,0.047957772,0.844180279,0.051108974,0
0.956582359,0.025571204,0.065626522,0.390235484,0.948823579,0.944315397,0.557784716,0.058581124,0.885085899,0.066842505,0
0.584743856,0.949403436,0.796819006,0.943966227,0.075693434,0.036268683,0.111602546,0.949344444,0.887849215,0.956532461,1
0.592751694,0.932218477,0.79471658,0.930169312,0.023936927,0.050426673,0.085558984,0.950016296,0.851770856,0.931086687,1
0.043546544,0.95624108,0.943476043,0.057425115,0.16466198,0.070705608,0.954002906,0.080219162,0.145388543,0.392531516,1
0.049879807,0.962700248,0.971576405,0.063390668,0.137258618,0.108540081,0.931928866,0.108011034,0.163725344,0.387033366,1
0.56317385,0.960060533,0.787594759,0.907603059,0.110386665,0.050613985,0.122671018,0.989253562,0.857090341,0.968766025,1
0.574753422,0.954877917,0.782819973,0.954365798,0.091633152,0.035417167,0.179123878,0.921067962,0.918646162,0.960099482,1
0.585570264,0.934549969,0.796985601,0.878217924,0.081624475,0.054649896,0.041392903,0.945179519,0.940217747,0.939293994,1
0.007692767,1,0.980378033,0.048430491,0.144923439,0.086567974,0.941585914,0.111640239,0.158824392,0.3824556,1
0.950073643,0.025443714,0.032325197,0.409001115,0.963772634,0.935755088,0.63008927,0.083995461,0.909203859,0.02520895,0
0.594397386,0.945293984,0.785506306,0.917621063,0.103045173,0.027578128,0.111956647,0.918744693,0.9387685,0.934970759,1
0.57314254,0.929218505,0.763022813,0.94693621,0.090953683,0.041709409,0.116834049,0.908276649,0.994331028,0.957754502,1
0.039306534,0.955401243,0.978004163,0.031030391,0.143139074,0.073161773,0.981989966,0.08785631,0.215552952,0.392446136,1
0.059270301,0.981844768,0.979403521,0.033685508,0.15815,0.082059763,0.894310471,0.103744168,0.0817629,0.397596412,1
0.052470849,0.970969414,0.966505524,0.037808049,0.181129483,0.084454764,0.859028095,0.068268639,0.1258855,0.385494773,1
0.034774674,0.961189381,0.984185009,0.055961104,0.114452497,0.085999636,0.940826073,0.123820238,0.204357137,0.367224115,1
0.031623305,0.967446763,0.970988778,0.054031712,0.148697087,0.093221188,0.940296099,0.065303801,0.172753908,0.393454592,1
0.056106032,0.979824863,0.950026092,0.03247671,0.182004561,0.106936232,0.942971452,0.074110216,0.222416788,0.373899307,1
0.928760664,0.040641643,0.049860183,0.377799582,0.942265279,0.972009164,0.593956178,0.048249246,0.880010634,0.034923296,0
0.568661017,0.93976987,0.782754214,0.909040986,0.073715767,0.050227752,0.105205596,0.947946721,0.888542882,0.928734634,1
0.600895079,0.945880053,0.7886687,0.908829816,0.070017047,0.041976663,0.131687367,0.937252579,0.91822611,0.954859837,1
0.574459946,0.968496663,0.809608406,0.905936892,0,0.075861629,0.061438941,0.895482,0.931106253,0.989612584,1
0.604700614,0.93655372,0.802273004,0.908698258,0.065804151,0.058510411,0.134931918,0.955994181,0.943674445,0.956262379,1
0.025173885,0.959088388,0.97674235,0.055714382,0.139615843,0.077073018,0.911296682,0.07306196,0.20590468,0.376776222,1
0.943689177,0.035926517,0.056634975,0.369989855,0.923354518,0.973888445,0.593809143,0.12093397,0.899454071,0.059492233,0
0.597691923,0.964502201,0.788899124,0.896279559,0.046428712,0.030644806,0.104986512,0.944369758,0.897970585,0.967378147,1
0.594028675,0.939162603,0.803008074,0.938214743,0.095744427,0.049901462,0.142936831,0.964749849,0.947080958,0.96491732,1
0.575025009,0.937763208,0.787634122,0.922801513,0.087160398,0.034168568,0.106736653,0.988694143,0.962424635,0.961988895,1
0.032451008,0.9803512,0.956058581,0.052027466,0.15058037,0.051402867,0.949784148,0.101062663,0.1567215,0.435356219,1
0.047765292,0.947510816,0.975327624,0.057194494,0.11718577,0.078859478,0.922990946,0.09245201,0.148973403,0.400956424,1
0.032304043,0.945581375,0.943713839,0.071229845,0.142010513,0.07443194,0.929604534,0.108110447,0.18378208,0.401192649,1
0.95363454,0.0441286,0.054542332,0.410560732,0.928840489,0.977347301,0.587982285,0.074643427,0.790604525,0.047671091,0
0.962655695,0.031522104,0.047665583,0.382174688,0.971469052,0.949122057,0.578839148,0.071127879,0.824735191,0.024790646,0
0.593923206,0.940917515,0.79930367,0.899651391,0.074579222,0.040252625,0.146291558,0.942235359,0.900676591,0.95029373,1
0.577083394,0.945711565,0.79276311,0.940009058,0.144957866,0.03479195,0.091305212,0.961670362,0.915971607,0.981435556,1
0.944893812,0.036218621,0.04866831,0.400513706,0.923088425,0.955595032,0.544492024,0.069006416,0.810998255,0.028353782,0
0.938093882,0.029144229,0.077733124,0.40826657,0.962286004,0.937639918,0.539143568,0,0.811070225,0.056905705,0
0.97589903,0.021442599,0.031292615,0.415813708,0.947183523,0.944601294,0.584526248,0.044624806,0.895930871,0.058348886,0
0.924626338,0.026171791,0.038347522,0.406450653,0.907134076,0.96927707,0.622812837,0.086976435,0.859632557,0.030093483,0
0.949381906,0.014291734,0.034886358,0.377579393,0.878695874,0.958943445,0.569074502,0.02869907,0.864984069,0.053585085,0
0.939847072,0.023829755,0.069253537,0.399782281,0.892864311,0.950402964,0.590158781,0.090484779,0.81685214,0.003532121,0
0.069838271,0.983020082,1,0.039822881,0.155032271,0.060338142,0.973299604,0.067023575,0.143771934,0.36609061,1
0.590303274,0.96427058,0.809079488,0.900261166,0.046172032,0.049677981,0.063739607,0.981045266,0.938075182,0.949503683,1
0.951236631,0.030374738,0.070867504,0.388320618,0.905132448,0.952524629,0.583267728,0.10011813,0.873819385,0.031987128,0
0.957888238,0.048787441,0.089089092,0.381100115,0.951592431,0.966544709,0.583824719,0.067435413,0.866395118,0.008799353,0
0.559002736,0.942093535,0.776356928,0.888402173,0.077270088,0.062778122,0.138014334,0.897325196,0.841714424,0.968944321,1
0.952638013,0.056729466,0.05907598,0.388910549,0.968432308,0.961318354,0.584290978,0.043003726,0.857415619,0.057991392,0
0.028092071,0.969520764,0.954559708,0.043078573,0.162261213,0.082505387,0.909815941,0.093064463,0.130216169,0.376118655,1
0.610157775,0.92713518,0.785614128,0.91619467,0.113647829,0.021620343,0.146138323,0.936226052,0.842075132,0.962344352,1
0.936600061,0.033184115,0.058869388,0.42390596,0.923145139,0.951010354,0.615484601,0.077166502,0.903342291,0.047695525,0
0.001622323,0.961545547,0.981135807,0.087498653,0.111046775,0.089641058,0.908856228,0.093154569,0.251616521,0.360497178,1
0.594472416,0.931366439,0.782513618,0.956347716,0.066582788,0.045683007,0.136413444,0.948172641,0.892360962,0.961004932,1
0.604535187,0.935249745,0.800530099,0.930692746,0.045349646,0.041652055,0,0.910764691,0.87445828,0.938768082,1
0.063070257,0.975954238,0.967292141,0.083001547,0.157237957,0.088075881,0.92253262,0.125873148,0.182852285,0.372593476,1
0.048248298,0.965316893,0.962675355,0.028536019,0.166660534,0.08853891,0.940620262,0.082816506,0.038479529,0.396348211,1
0.940949347,0.042176706,0.079435863,0.381158711,0.957070029,0.941460946,0.602380597,0.074775629,0.868041635,0.034813203,0
0.054189651,0.960031995,0.918607789,0.047883553,0.159101953,0.08829617,0.965298212,0.069403937,0.164360259,0.397662983,1
0.561100628,0.938389606,0.818366885,0.932394698,0.062026995,0.037435184,0.096872935,0.987081678,0.902646074,0.961902277,1
0.027646229,0.954798946,0.971581665,0.071076034,0.128126826,0.089083444,0.855047931,0.081374818,0.132761898,0.368677541,1
0.03454812,0.966533056,0.96092555,0.034037963,0.119231571,0.091264554,0.880592928,0.114859447,0.089618244,0.370845711,1
0.602861482,0.952089745,0.803572824,0.927398874,0.07172881,0.029459439,0.110059918,0.919309702,0.928998258,0.953945117,1
0.610854475,0.936980334,0.802642344,0.949916289,0.061148089,0.039555425,0.088244654,0.911001702,0.856834483,0.939096833,1
0.025227524,0.972071197,0.977043266,0.038121206,0.147609333,0.061328583,0.914351932,0.094526387,0.250570302,0.365888412,1
0.035276894,0.966672444,0.94630921,0.03875187,0.164104987,0.084696557,0.904834141,0.101279715,0.165888196,0.35295543,1
0.040564966,0.955580584,0.973681501,0.064514561,0.100145088,0.071310938,0.898775134,0.07263147,0.170991071,0.378547928,1
0.022952171,0.965977158,0.961995373,0.03871797,0.142799585,0.055022792,0.90608855,0.098046745,0.141243302,0.367050646,1
0.91814708,0.028464739,0.078489839,0.398326077,0.912516915,0.95779806,0.577936463,0.081499065,0.786304311,0.051884924,0
0.585719913,0.941546975,0.809306558,0.9630236,0.056004131,0.022581793,0.10461555,0.999459239,0.849975403,0.978573255,1
0.588108138,0.936456616,0.794218232,0.904575058,0.075355804,0.052155302,0.16016852,0.905512366,0.980438519,0.929056985,1
0.037002105,0.954377172,0.977579029,0.066713932,0.093263139,0.068883472,0.874640553,0.079765213,0.130434961,0.361232436,1
0.050997405,0.951854979,0.97380076,0.053819812,0.096734889,0.07255039,0.963915515,0.071616028,0.113510551,0.387591434,1
0.043475764,0.969803327,0.953952728,0.044179467,0.074744056,0.072831526,0.939342502,0.071588256,0.136762061,0.387382013,1
0.040138438,0.954852929,0.959804261,0.02663156,0.127034653,0.080308537,0.898002788,0.088183153,0.050017944,0.384161381,1
0.948564977,0.031417624,0.057684795,0.385002813,0.977598643,0.970468403,0.606298839,0.046091425,0.843500104,0.039571598,0
0.020252085,0.962478041,0.949054813,0.041973648,0.182193854,0.075756179,0.922874282,0.097189794,0.171833192,0.35023987,1
0.553692927,0.931875563,0.761469024,0.905336111,0.072613182,0.066917894,0.118392133,0.930582298,0.922524914,0.925485184,1
0.595080809,0.92549254,0.817958161,0.944325382,0.054040989,0.048279079,0.123936578,0.94238924,0.861231327,0.946712293,1
0.031243471,0.939985667,0.977694929,0.072109407,0.165296233,0.06585362,0.917609698,0.095601406,0.160743103,0.39043566,1
0.022135898,0.974795567,0.977625529,0.084600196,0.134691342,0.092779314,1,0.08056212,0.065947597,0.355298477,1
0.569336048,0.951154077,0.79715461,0.900549938,0.035158463,0.055216474,0.129118306,0.933533568,0.967715373,0.941218225,1
0.605070988,0.960736427,0.793580359,0.896286725,0.085347441,0.03265469,0.174348603,0.939334272,0.869449215,0.958519184,1
0.56796166,0.962878972,0.808830646,0.941881551,0.092894777,0.026085774,0.090141236,0.948017422,0.831385637,0.965803744,1
0.569687515,0.946587679,0.80596853,0.940876833,0.069193593,0.039554066,0.078413412,0.915625221,0.875617294,0.961038086,1
0.972603978,0.037101145,0.066990775,0.38486901,0.959046639,0.962316774,0.545787599,0.077706532,0.802970852,0.0349882,0
0.031487724,0.955353998,0.952297735,0.031264955,0.130694679,0.094540563,0.887635983,0.101189276,0.188249469,0.374144386,1
0.576642923,0.947598665,0.768082345,0.917379461,0.071640472,0.05094963,0.111512392,0.912027612,0.938836243,0.953786936,1
0.038658757,0.965806579,0.943482989,0.097705933,0.190238846,0.091175367,0.926685327,0.090539562,0.091852755,0.382288761,1
0.008485948,0.984129071,0.957705232,0.049873558,0.145194005,0.076237424,0.905388189,0.103870893,0.066741317,0.391569584,1
0.044258742,0.951830044,0.969075699,0.038800057,0.197133879,0.105306223,0.9088398,0.09204987,0.130856572,0.374992869,1
0.046982755,0.980500141,0.973533068,0.009560232,0.176844371,0.067885774,0.911555049,0.10191916,0.222799126,0.424100642,1
0.035638328,0.955817154,0.980714712,0.043883843,0.201336249,0.081529035,0.900790331,0.058510337,0.054037292,0.35937805,1
0.586034786,0.931093182,0.78096889,0.928552883,0.05101848,0.045668827,0.109056801,0.919938751,0.980923227,0.96471338,1
0.049346536,0.964059343,0.981530597,0.035881813,0.162789604,0.067571346,0.923513698,0.091471143,0.144150983,0.37612533,1
0.038758439,0.967169439,0.98918827,0.06559263,0.171572683,0.075781825,0.894790286,0.119271234,0.173060028,0.40152593,1
0.572996952,0.939580765,0.80676907,0.885536415,0.078641869,0.061543045,0.054208697,0.940517946,0.89722389,0.966752709,1
0.937249252,0.048061681,0.049208787,0.370216381,0.96619114,0.954078099,0.602539249,0.062687935,0.844369157,0.050519794,0
0.585245961,0.959523664,0.788573947,0.974498928,0.090126034,0.030043023,0.072012692,0.947847564,0.875751285,0.96581756,1
0.05259753,0.96193265,0.952472655,0.07543044,0.196655832,0.096658575,0.927125997,0.075870983,0.097249234,0.388424975,1
0.035390906,0.968602876,0.988783964,0.062632333,0.158471141,0.089154787,0.925738965,0.109497352,0.021766099,0.377130758,1
0.599127828,0.946890476,0.784100098,0.924807746,0.074881686,0.056616424,0.084250725,0.927910665,0.868259222,0.935793528,1
0.589154056,0.95319009,0.794428875,0.937241518,0.057163581,0.06303057,0.183821809,0.927044996,0.86588718,0.976012339,1
0.942041066,0.047249709,0.057912902,0.391093834,0.896008636,0.93910134,0.586662508,0.017386101,0.892013302,0.041533826,0
0.966891643,0.026862635,0.048226026,0.35793641,0.92228869,0.965437042,0.620341832,0.042621502,0.830789346,0.041628339,0
0.040765988,0.954043521,0.955687067,0.058857312,0.149560522,0.090917677,0.989873139,0.057266894,0.205986284,0.382659324,1
0.019354158,0.958414498,0.979792888,0.090427913,0.100767349,0.055050805,0.986373482,0.10535005,0.095567824,0.388592019,1
0.04709796,0.964972913,0.95173051,0.054389046,0.198543343,0.079633431,0.948176609,0.063935261,0.091652047,0.387734078,1
0.942713826,0.039881345,0.042019894,0.388222148,1,0.937531407,0.515894819,0.089151577,0.816878244,0.039326559,0
0.973650029,0.039530458,0.035153584,0.354233669,0.927988707,0.955145479,0.593802476,0.056694125,0.869750276,0.070396787,0
0.56980826,0.936837585,0.794721964,0.90191449,0.027361402,0.0435163,0.072297666,0.947629034,0.844833229,0.977343589,1
0.953995957,0.047612821,0.058252638,0.415003312,0.950874781,0.977845672,0.594666859,0.067458299,0.947979739,0.055972711,0
0.966859461,0.027835733,0.051073994,0.363824355,0.986323839,0.985866045,0.582537739,0.095056373,0.854814038,0.025283438,0
0.046583063,0.959041341,0.962124569,0.003571005,0.126471275,0.076455068,0.906905985,0.099511248,0.097605721,0.396677445,1
0.949281389,0.02102931,0.069688731,0.442444283,0.943076138,0.945094065,0.525944402,0.076216557,0.896066631,0.050266195,0
0.057838952,0.975400154,0.949513177,0.052569281,0.118484316,0.062332445,0.903500777,0.116984849,0.176484226,0.388294971,1
0.94558421,0.047298911,0.047375282,0.395425852,0.97047089,0.946938057,0.629059043,0.032204243,0.919423708,0.038575956,0
0.572241598,0.948492836,0.783721018,0.927502141,0.077934233,0.020457712,0.158890711,0.980169638,0.858455499,0.950627065,1
0.584761157,0.939955935,0.798486417,0.894624731,0.087059778,0.064826454,0.10393609,0.945860095,0.916338224,0.950440664,1
0.585630567,0.944546205,0.803393909,0.890221414,0.064659352,0.018233223,0.120790894,0.951901306,0.864213072,0.977675228,1
0.57468546,0.946331622,0.778943054,0.961551625,0.037832072,0.047027653,0.128573351,0.946157558,0.877447213,0.95418278,1
0.968112106,0.033570591,0.052099689,0.402680945,0.912568553,0.958689297,0.505922922,0.09143695,0.777657666,0.064443947,0
0.063376981,0.968751983,0.957273032,0.04338803,0.110445233,0.091210253,0.953570826,0.084636234,0.113260088,0.384886427,1
0.592968876,0.948968726,0.801732138,1,0.088546289,0.059045849,0.139198361,0.95200455,0.871672787,0.966437598,1
0.592325892,0.942380063,0.778749882,0.879142181,0.059204665,0.054982752,0.114648331,0.90531738,0.893372163,0.96128561,1
0.93625535,0.021232643,0.068983289,0.411433709,0.95147349,0.973853469,0.548164203,0.078446636,0.841466063,0.055391469,0
0.016381208,0.952102374,0.942407637,0.046622529,0.1964717,0.114887078,0.945465589,0.108087357,0.054129782,0.373737945,1
0.949967734,0.035510127,0.081359235,0.382485283,0.945447253,0.950840929,0.549256585,0.055473723,0.825758103,0.048671011,0
0.986247091,0.024019856,0.043725492,0.38878434,0.948834477,0.962088023,0.61994476,0.010155956,0.740987681,0.036877214,0
0.587919033,0.934713843,0.782720367,0.881578129,0.045456273,0.022845494,0.075165415,0.961903682,0.843501606,0.992268601,1
0.571449331,0.944924642,0.794022584,0.88751546,0.082400467,0.050680273,0.143480203,0.961907626,0.82447571,0.943041849,1
0.023752491,0.960410076,0.974293961,0.062522592,0.138028657,0.081369833,0.873932346,0.086975628,0.17369692,0.389151489,1
0.03414399,0.952065289,0.9549618,0.071710288,0.131067683,0.087628981,0.900042142,0.114413869,0.164595339,0.406709443,1
0.026365202,0.953481736,0.966053974,0.04496536,0.125691899,0.084985431,0.906156397,0.089076631,0.208484722,0.399702997,1
0.943016323,0.040559701,0.027223091,0.413935334,0.902970143,0.962411894,0.549296592,0.083486484,0.845519804,0.02172566,0
0.614037051,0.960531251,0.784790503,0.888041279,0.076145113,0.016779892,0.118267388,0.932341817,0.864974958,0.933984679,1
0.960767676,0.044482567,0.065293895,0.395864346,0.930749134,0.949862785,0.626147363,0.052653796,0.800955318,0.052888728,0
0.5978744,0.948355411,0.791856154,0.875852246,0.084472044,0.045541172,0.116555677,0.904554248,0.837652721,0.970493863,1
0.954142067,0.010165389,0.044835517,0.34025673,0.976921484,0.94244537,0.618992758,0.093145185,0.807018246,0.028095411,0
0.938113933,0.044214711,0.027981136,0.380856571,0.938401113,0.959873165,0.571396379,0.079608806,0.877807016,0.053843818,0
0.023772517,0.980604975,0.960892398,0.043828408,0.166931223,0.085806229,0.955920077,0.102827835,0.106934187,0.386204928,1
0.04002935,0.96986535,0.95384096,0.038980291,0.140569647,0.07154594,0.918429816,0.057651374,0.112322206,0.377292521,1
0.524550365,0.674756782,0.508184408,0.126270658,0.278388254,0.81349217,0.322366604,0.976830985,0.780490867,0.163499051,0
0.85026574,0.821974531,0.019021756,0.009140899,0.523604735,0.444298357,0.088760423,0.931524525,0.858820236,0.940590493,0
0.51547827,0.125941798,0.475718162,0.951206855,0.853900678,0.808491297,0.791602306,0.027513975,0.521232792,0.528530265,0
0.25571773,0.998884746,0.37534923,0.269001884,0.158708795,0.208012578,0.342171596,0.356213138,0.903648931,0.347594748,0
0.174529379,0.911977722,0.735657163,0.167702873,0.018643207,0.593531676,0.464977824,0.255738968,0.549968193,0.342715116,0
0.187718665,0.081586494,0.887139908,0.389734139,0.178260276,0.822279715,0.888822016,0.478449385,0.617798214,0.192186619,0
0.056023424,0.116785047,0.010338641,0.514103246,0.164932213,0.794739242,0.829732315,0.401242218,0.937031446,0.533109023,0
0.275753702,0.659471676,0.122745604,0.814375685,0.881527667,0.989904324,0.94611304,0.419466794,0.978280782,0.084928152,0
0.988135445,0.045944465,0.918458239,0.680749979,0.535454795,0.114523954,0.972901025,0.352761711,0.792609789,0.305568643,0
0.363751288,0.646944512,0.989474007,0.732398565,0.58504778,0.04606562,0.260987497,0.240604121,0.275694664,0.571049285,0
0.453183284,0.318652311,0.731130081,0.124996708,0.754829776,0.744506252,0.602920057,0.652509602,0.97249572,0.288939898,0
0.48450189,0.524193107,0.098850935,0.76063305,0.304159481,0.344407502,0.289389029,0.085819005,0.300052361,0.21877569,0
0.99435785,0.661675286,0.099887253,0.176547486,0.988632849,0.092762835,0.279614764,0.809922283,0.637284772,0.961135223,0
0.632656263,0.086792942,0.503990557,0.624479609,0.419371602,0.796201834,0.089586578,0.824730339,0.379798986,0.609674529,0
0.090021788,0.199318782,0.612055513,0.934790088,0.487280812,0.010889623,0.193859618,0.44920517,0.17411581,0.643974049,0
0.914786264,0.491920497,0.961196393,0.676329022,0.567934851,0.412147933,0.604054931,0.087431286,0.743537323,0.938575708,0
0.028188855,0.880278875,0.15763798,0.573028834,0.419195051,0.025381686,0.995815673,0.755054637,0.764070626,0.280245281,0
0.957242764,0.558169912,0.033367885,0.762212128,0.393233643,0.133000472,0.074941095,0.683704579,0.715467808,0.055280103,0
0.124684424,0.888196197,0.132137791,0.50672722,0.468069579,0.390754292,0.633478863,0.486128697,0.09206963,0.191516805,0
0.865661463,0.590808173,0.752007485,0.574400571,0.943056319,0.897106202,0.556928965,0.663130988,0.918595685,0.405780328,0
0.809551957,0.422201196,0.34602767,0.408464191,0.561178756,0.218878863,0.657788936,0.829907684,0.584838352,0.72945104,0
0.45279929,0.016191589,0.269343116,0.737726082,0.082213046,0.556636718,0.00498496,0.505910801,0.779194897,0.104958571,0
0.760040905,0.384486863,0.156133914,0.963302414,0.075330134,0.842090768,0.069205564,0.748609295,0.815866704,0.948965513,0
0.902495144,0.016519084,0.239325897,0.342075841,0.131584148,0.529258613,0.020637271,0.226896423,0.485846739,0.921185564,0
0.193170949,0.425449659,0.533653118,0.454031451,0.919581404,0.935009041,0.823374489,0.09111409,0.460663578,0.948313249,0
